url,starAmount,forkAmount,position
https://api.github.com/repos/navasmdc/MaterialDesignLibrary,9132,2363,title
https://api.github.com/repos/invertase/react-native-firebase,8276,1549,body
https://api.github.com/repos/Trinea/AndroidCommon,4950,2732,body
https://api.github.com/repos/agrosner/DBFlow,4778,608,body
https://api.github.com/repos/alamkanak/Android-Week-View,3254,1131,body
https://api.github.com/repos/ittianyu/BottomNavigationViewEx,3063,525,body
https://api.github.com/repos/octo-online/robospice,3015,584,body
https://api.github.com/repos/WritingMinds/ffmpeg-android-java,2926,779,body
https://api.github.com/repos/siyamed/android-shape-imageview,2569,606,body
https://api.github.com/repos/LuckyJayce/ViewPagerIndicator,2506,639,title
https://api.github.com/repos/iammert/MaterialIntroView,2338,381,title
https://api.github.com/repos/vikramkakkar/SublimePicker,2302,422,title
https://api.github.com/repos/janishar/PlaceHolderView,2044,354,body
https://api.github.com/repos/Kaopiz/android-segmented-control,1839,407,body
https://api.github.com/repos/hongyangAndroid/android-percent-support-extend,1816,510,body
https://api.github.com/repos/vaibhavpandeyvpz/apkstudio,1772,364,body
https://api.github.com/repos/huxq17/XRefreshView,1654,503,body
https://api.github.com/repos/liuguangqiang/SwipeFinish,1654,310,title
https://api.github.com/repos/facebook/screenshot-tests-for-android,1494,198,body
https://api.github.com/repos/fyhertz/spydroid-ipcamera,1473,751,body
https://api.github.com/repos/john990/WaveView,1282,305,body
https://api.github.com/repos/zhaozepeng/FloatWindowPermission,1219,259,body
https://api.github.com/repos/sd6352051/NiftyNotification,1120,320,body
https://api.github.com/repos/ahmedre/quran_android,1116,692,body
https://api.github.com/repos/quran/quran_android,1116,692,body
https://api.github.com/repos/sockeqwe/fragmentargs,1075,89,body
https://api.github.com/repos/harjot-oberai/Long-Shadows,1039,99,body
https://api.github.com/repos/QuadFlask/colorpicker,991,197,body
https://api.github.com/repos/panwrona/DownloadProgressBar,976,174,body
https://api.github.com/repos/halysongoncalves/Pugnotification,867,137,body
https://api.github.com/repos/aws/aws-sdk-android-v2,791,475,body
https://api.github.com/repos/saikrishna321/AppiumTestDistribution,728,301,body
https://api.github.com/repos/hotchemi/Android-Rate,696,203,body
https://api.github.com/repos/Yalantis/CameraModule,686,198,title
https://api.github.com/repos/attenzione/android-ColorPickerPreference,650,301,body
https://api.github.com/repos/crosg/FloatMenuSample,631,143,body
https://api.github.com/repos/ryanhoo/PhotoCropper,607,223,body
https://api.github.com/repos/tuesda/Watch,607,139,body
https://api.github.com/repos/tzutalin/dlib-android-app,600,215,body
https://api.github.com/repos/nr4bt/wasp,588,73,body
https://api.github.com/repos/xSAVIKx/AndroidScreencast,549,137,body
https://api.github.com/repos/dmitry-zaitsev/AndroidSideMenu,536,331,body
https://api.github.com/repos/H07000223/FlycoBanner_Master,532,144,body
https://api.github.com/repos/luminousman/MultipleImagePick,526,187,body
https://api.github.com/repos/suarezjulian/WizardPager,525,149,body
https://api.github.com/repos/TechFreak/WizardPager,525,149,body
https://api.github.com/repos/sh1r0/caffe-android-lib,501,209,body
https://api.github.com/repos/qpython-android/qpython3,499,84,body
https://api.github.com/repos/j256/ormlite-core,474,195,body
https://api.github.com/repos/stefan-niedermann/OwnCloud-Notes,450,75,body
https://api.github.com/repos/hedge-hog/RatingBar,435,114,body
https://api.github.com/repos/florent37/Carpaccio,426,71,body
https://api.github.com/repos/halx99/xxsocket,406,123,body
https://api.github.com/repos/EasyDarwin/EasyPusher_Android,393,183,body
https://api.github.com/repos/ofZach/inkSpace,381,68,body
https://api.github.com/repos/kinneyyan/my36kr,378,95,body
https://api.github.com/repos/omerjerk/RemoteDroid,370,164,body
https://api.github.com/repos/sangmingming/android-instagram-filter,358,108,body
https://api.github.com/repos/javatechig/javatechig-android-advanced,347,1180,body
https://api.github.com/repos/saturday06/gradle-android-scala-plugin,344,70,body
https://api.github.com/repos/SrinivasanTarget/docker-appium,340,150,body
https://api.github.com/repos/leanote/Leamonax,316,242,body
https://api.github.com/repos/barteksc/PdfiumAndroid,314,111,body
https://api.github.com/repos/google/music-synthesizer-for-android,310,67,body
https://api.github.com/repos/waylife/InfiniteViewPager,287,52,body
https://api.github.com/repos/Vigi0303/fat-aar-plugin,285,45,body
https://api.github.com/repos/pheynix/TimerView,283,43,body
https://api.github.com/repos/amilcar-sr/JText,274,40,body
https://api.github.com/repos/dalong982242260/AndroidCarrouselLayout,260,67,body
https://api.github.com/repos/amarjain07/StickyScrollView,258,57,body
https://api.github.com/repos/waynejo/android-ndk-gif,257,62,body
https://api.github.com/repos/fengzhizi715/SAF-AOP,256,54,body
https://api.github.com/repos/dmitry-zaitsev/CircleLayout,246,98,body
https://api.github.com/repos/StackTipsLab/Android-UI-Tutorials,230,988,title
https://api.github.com/repos/opensciencemap/vtm,218,153,body
https://api.github.com/repos/FacePlusPlus/MegviiFacepp-Android-SDK,213,77,body
https://api.github.com/repos/jaikydota/Android-ImagesPickers,212,65,body
https://api.github.com/repos/jaikydota/Andorid-ImagesPickers,212,65,body
https://api.github.com/repos/googlecast/CastVideos-android,207,128,body
https://api.github.com/repos/mthli/Bitocle,204,41,body
https://api.github.com/repos/cmzy/ZHookLib,188,96,body
https://api.github.com/repos/terlici/DragNDropList,186,67,body
https://api.github.com/repos/palaima/AndroidSmoothBluetooth,182,78,body
https://api.github.com/repos/sbstrm/appirater-android,175,68,body
https://api.github.com/repos/allthelucky/android-image-indicator,168,109,body
https://api.github.com/repos/appknox/AFE,167,87,body
https://api.github.com/repos/citiususc/calendula,162,100,body
https://api.github.com/repos/TobiasBielefeld/Simple-Solitaire,162,67,body
https://api.github.com/repos/Larphoid/android-Overscroll-ListView,157,58,body
https://api.github.com/repos/sylvek/itracing2,150,60,body
https://api.github.com/repos/riul88/call-recorder-for-android,142,103,body
https://api.github.com/repos/geeksville/arduleader,135,94,body
https://api.github.com/repos/284772894/monkeyTest,135,90,body
https://api.github.com/repos/fbsamples/account-kit-samples-for-android,125,99,title
https://api.github.com/repos/JackCho/AndroidLauncher,124,70,body
https://api.github.com/repos/trishika/DroidUPnP,120,60,body
https://api.github.com/repos/yvesf/andiodine,118,29,title
https://api.github.com/repos/vbartacek/aacdecoder-android,117,58,body
https://api.github.com/repos/doridori/Pilot,117,9,body
https://api.github.com/repos/dlukashev/android-phone-number-with-flags,114,57,body
https://api.github.com/repos/rebus007/HeaderView,106,23,body
https://api.github.com/repos/Pi-Developers/Pi-Locker,97,48,body
https://api.github.com/repos/brodeurlv/fastnfitness,92,109,body
https://api.github.com/repos/ros-java/android_apps,92,92,body
https://api.github.com/repos/DHM47/Native-Clip-Board,91,33,body
https://api.github.com/repos/giljulio/android-multiple-image-picker,91,30,body
https://api.github.com/repos/littlesavage/RtkGps,86,150,body
https://api.github.com/repos/rharter/android-tooltips,81,30,body
https://api.github.com/repos/shripalsoni04/nativescript-webview-interface,80,33,body
https://api.github.com/repos/AAkira/ExoPlayerManager,76,22,title
https://api.github.com/repos/4455jkjh/apktool-android,75,27,body
https://api.github.com/repos/loopeer/ImageGroupView,75,19,body
https://api.github.com/repos/svenwiegand/android-time-duration-picker,71,26,title
https://api.github.com/repos/bajian/material-code-input,66,13,body
https://api.github.com/repos/lukehutch/android-multitouch-controller,63,24,body
https://api.github.com/repos/semsamot/ActionBarRTLizer,61,10,body
https://api.github.com/repos/androhi/AndroidDrawableViewer,58,4,body
https://api.github.com/repos/alanv/tesseract-android-tools,53,19,body
https://api.github.com/repos/hamsaadev/RTLMaterialSpinner,52,11,body
https://api.github.com/repos/chinmoyp/screenrecorder,51,35,body
https://api.github.com/repos/GeraudBourdin/Ti.SvgView,48,19,body
https://api.github.com/repos/offbye/AndroidDownloadManger,46,28,body
https://api.github.com/repos/centrifugal/centrifuge-android,45,24,body
https://api.github.com/repos/FZambia/centrifuge-android,45,24,body
https://api.github.com/repos/litecoin-foundation/breadwallet-android,44,76,body
https://api.github.com/repos/AlexZhuo/AlxGifHelper,44,8,body
https://api.github.com/repos/NativeScript/android-v8,42,10,body
https://api.github.com/repos/sozialhelden/wheelmap-android,41,29,title
https://api.github.com/repos/jp-bennett/Fwknop2,41,13,body
https://api.github.com/repos/SudoCode755/SudoHide,35,14,body
https://api.github.com/repos/GunaseelanArumaikkannu/MultiSpinner,30,30,body
https://api.github.com/repos/sht5/Android-tcp-server-and-client,30,28,body
https://api.github.com/repos/okta/okta-sdk-appauth-android,30,17,title
https://api.github.com/repos/rameshvoltella/WoocommerceAndroidOAuth1,30,11,body
https://api.github.com/repos/shaithana/cordova-plugin-wezka-nativecamera,29,79,body
https://api.github.com/repos/aflx/Sardine-Android,27,38,body
https://api.github.com/repos/ajkh35/ContactsDemo,27,14,title
https://api.github.com/repos/huxq17/android-Universal-CircleIndicator,25,12,title
https://api.github.com/repos/vbartacek/aacplayer-android,25,7,body
https://api.github.com/repos/nicoechaniz/lime-app,23,14,body
https://api.github.com/repos/Joy-Whale/ImageSelector,21,10,body
https://api.github.com/repos/jpmml/jpmml-android,19,7,body
https://api.github.com/repos/ch-muhammad-adil/Android-Material-Picker-Dialog,18,3,body
https://api.github.com/repos/kalemontes/OIDCAndroidLib,17,10,body
https://api.github.com/repos/skyisle/gradle-jacoco-android,17,4,body
https://api.github.com/repos/ZhangSir/mupdf-source,16,6,body
https://api.github.com/repos/mukesh4u/Android-LinkedIn-Demo,15,19,body
https://api.github.com/repos/louffoster/FlickIt-old,13,2,body
https://api.github.com/repos/strin/caffe-android-lib,11,6,body
https://api.github.com/repos/mWater/cordova-plugin-wezka-nativecamera,9,13,body
https://api.github.com/repos/maniksejwal/Memory-Assistant,9,8,body
https://api.github.com/repos/burakdede/shaketobug-android,9,4,body
https://api.github.com/repos/ssmiech/rubotium,9,3,title
https://api.github.com/repos/jackson4code/monkey,9,3,body
https://api.github.com/repos/jfreax/OpenLaw,8,4,body
https://api.github.com/repos/chili-epfl/nao_writing,8,4,title
https://api.github.com/repos/hzsweers/psync,8,2,body
https://api.github.com/repos/courysky/MediaVideoRecord,8,0,body
https://api.github.com/repos/lshanker/BoilerFaves,7,0,body
https://api.github.com/repos/mondain/android-spl-meter,6,3,title
https://api.github.com/repos/Bubu/android-dice-game,6,3,title
https://api.github.com/repos/gcacace/dex2jar,6,1,body
https://api.github.com/repos/ahmadaghazadeh/sevensky-cordova-plugin-intent,5,3,body
https://api.github.com/repos/chufengma/android-skills,5,2,title
https://api.github.com/repos/badoque/titanium-ffmpeg-android-wrapper,5,2,body
https://api.github.com/repos/pyuan/cftoaster,5,2,body
https://api.github.com/repos/Flaredown/FlaredownAndroid,5,1,body
https://api.github.com/repos/ANDLABS-Git/studio-lounge-droid,5,0,title
https://api.github.com/repos/istSOS/android-demo,4,7,body
https://api.github.com/repos/bitpay/android-sdk-sample,4,6,body
https://api.github.com/repos/hiteshsahu/apps-for-android,4,3,body
https://api.github.com/repos/brentn/zzStenoKeyboard,4,3,body
https://api.github.com/repos/dkhs/GeoAlert,4,2,body
https://api.github.com/repos/koko-ng/android-client,4,2,body
https://api.github.com/repos/flyme2012/EastTrain,4,1,body
https://api.github.com/repos/joar/mediagoblin-android,3,3,body
https://api.github.com/repos/HackerspaceBremen/hshb_notifier_android,3,2,body
https://api.github.com/repos/CodePath-MAF/AndroidClient,3,2,title
https://api.github.com/repos/padakeji/AutoWrapLayoutManager,3,1,body
https://api.github.com/repos/wangxp423/MediaExercise,3,0,body
https://api.github.com/repos/futhrevo/SpeechTrials,3,0,body
https://api.github.com/repos/Kachilero/android-youtube-player,3,0,body
https://api.github.com/repos/cagataymuhammet/opensudoku-android,3,0,body
https://api.github.com/repos/chiemy/android-summary,3,0,body
https://api.github.com/repos/skumailraza/Snakes_and_Ladders,2,9,body
https://api.github.com/repos/ppamorim/ipcamera-for-android,2,4,body
https://api.github.com/repos/Ajay191191/Attendance-Management-App,2,4,title
https://api.github.com/repos/GinRyan/android-serialport-api,2,3,title
https://api.github.com/repos/Hyperactivity/android-app,2,2,body
https://api.github.com/repos/shinymayhem/radio-presets-widget,2,2,body
https://api.github.com/repos/kasis/Timetable,2,1,title
https://api.github.com/repos/biddyweb/android-rcs-ims-stack,2,1,body
https://api.github.com/repos/18811727185/android-wheel,2,1,title
https://api.github.com/repos/prashant31191/weather-notification-android,2,1,body
https://api.github.com/repos/iFialAtFail/DiscGolfApplication,2,0,body
https://api.github.com/repos/mandlar/radioreddit-android,2,0,body
https://api.github.com/repos/wangbin/wehuibao,2,0,body
https://api.github.com/repos/antduan/tesseract-android-tools,2,0,body
https://api.github.com/repos/adform/adform-android-sdk,1,6,body
https://api.github.com/repos/lishuyuan/ksoap2-android,1,4,body
https://api.github.com/repos/arifin123/IdentityCardAndroid,1,3,body
https://api.github.com/repos/fan2597/android-test-kit,1,2,title
https://api.github.com/repos/LarryPham/android-quill,1,1,body
https://api.github.com/repos/joyoyao/android-textview-multiline-ellipse,1,1,body
https://api.github.com/repos/Nekrofage/prboom4android,1,1,body
https://api.github.com/repos/pfpflwho/android-daisy-epub-reader,1,1,body
https://api.github.com/repos/solracq/seek-for-android,1,1,body
https://api.github.com/repos/Supun94/apps-for-android,1,1,body
https://api.github.com/repos/easebuzz/paywitheasebuzz-android-lib,1,1,body
https://api.github.com/repos/hanyoud/android-daisy-epub-reader,1,0,body
https://api.github.com/repos/Mr-DDDAlKilanny/tree-view-list-android,1,0,body
https://api.github.com/repos/partha7827/android-protips-location,1,0,body
https://api.github.com/repos/monkeytest15/android-test-kit,1,0,title
https://api.github.com/repos/avez321/android-daisy-epub-reader,1,0,body
https://api.github.com/repos/RahulSDeshpande/javamail-android,1,0,body
https://api.github.com/repos/AriaWang/android-wheel,1,0,title
https://api.github.com/repos/soulkingking/android-serialport-api,1,0,title
https://api.github.com/repos/tranvanbon/ipcamera-for-android,1,0,body
https://api.github.com/repos/smarthero50/android-python27,1,0,title
https://api.github.com/repos/ipdxl/android-ws-client,1,0,title
https://api.github.com/repos/olgaireland/android-daisy-epub-reader,1,0,body
https://api.github.com/repos/RIADHZ/apps-for-android,1,0,body
https://api.github.com/repos/GasWagen/android-wheel,1,0,title
https://api.github.com/repos/xiaomaguoguo/svg-android,1,0,body
https://api.github.com/repos/sssemil/android-wifi-tether,1,0,body
https://api.github.com/repos/jinbyuk/android-serialport-api,1,0,title
https://api.github.com/repos/hharchani/android-log-collector,1,0,body
https://api.github.com/repos/chinnytp/android-bluetooth,1,0,body
https://api.github.com/repos/voolitels/android-wheel,1,0,title
https://api.github.com/repos/hanteryubw/android-serialport-api,1,0,title
https://api.github.com/repos/madhurbhargava/android-protips-location,1,0,body
https://api.github.com/repos/ghofranehr/opensudoku-android,1,0,body
https://api.github.com/repos/Garew/httpclientandroidlib,1,0,body
https://api.github.com/repos/jiek2529/android-wheel,1,0,title
https://api.github.com/repos/iloire/apps-for-android,1,0,body
https://api.github.com/repos/k0shk0sh/android-active-record,1,0,body
https://api.github.com/repos/robosoft2016/beginning-android-games,1,0,title
https://api.github.com/repos/dogusozdemir/apps-for-android,1,0,body
https://api.github.com/repos/guiyu/android-apktool,1,0,body
https://api.github.com/repos/AlejandroAreta/tesseract-android-tools,1,0,body
https://api.github.com/repos/alhazmy13/javamail-android,1,0,body
https://api.github.com/repos/ymabrouk/android-wheel,1,0,title
https://api.github.com/repos/hghdo/android4beidanci,1,0,body
https://api.github.com/repos/skyisle/android-test-kit,1,0,title
https://api.github.com/repos/shanky-gupta/android-multitouch-controller,1,0,body
https://api.github.com/repos/feralCode/apps-for-android,1,0,body
https://api.github.com/repos/stentrup/einsatzserver-android,1,0,body
https://api.github.com/repos/ZetsubouPsych0/kibou-game-library,1,0,body
https://api.github.com/repos/srcreigh/ipcamera-for-android,0,2,body
https://api.github.com/repos/fangtang/android-challenge,0,2,body
https://api.github.com/repos/arshidkv12/android-apktool,0,1,body
https://api.github.com/repos/vibetest/android-serialport-api,0,1,title
https://api.github.com/repos/d3ver0x/opensudoku-android,0,1,body
https://api.github.com/repos/tcowans/sendtosd-android,0,1,title
https://api.github.com/repos/purenaturalism/eyes-movies,0,1,body
https://api.github.com/repos/vbresan/tiffonandroid,0,1,body
https://api.github.com/repos/healthy-tree/android-application-plug-ins-frame-work,0,1,body
https://api.github.com/repos/anelka1985/android-serialport-api,0,1,title
https://api.github.com/repos/xuejiancun/luyuan,0,1,body
https://api.github.com/repos/dvillareal22/opensudoku-android,0,1,body
https://api.github.com/repos/asolfre/android-quill,0,0,body
https://api.github.com/repos/katzvelraj/npr-android-app,0,0,body
https://api.github.com/repos/dkalian/Android,0,0,body
https://api.github.com/repos/lfwelove/android-serialport-api,0,0,title
https://api.github.com/repos/jihengyang/FirstRepository,0,0,title
https://api.github.com/repos/jshtylr/Tawch,0,0,body
https://api.github.com/repos/eddietseng/Flickster,0,0,body
https://api.github.com/repos/asd1614/apps-for-android,0,0,body
https://api.github.com/repos/skylarmt/android-xserver,0,0,body
https://api.github.com/repos/bmlct/android-test-kit,0,0,title
https://api.github.com/repos/Wishall05/Spellathon,0,0,body
https://api.github.com/repos/alvarodlg/tesseract-android-tools,0,0,body
https://api.github.com/repos/shingoinstitute/shingo-app-android,0,0,body
https://api.github.com/repos/ItamarLourenco/QualOperadora-android,0,0,body
https://api.github.com/repos/shirishareddy/android-wheel,0,0,title
https://api.github.com/repos/talenguyen/android-test-kit,0,0,body
https://api.github.com/repos/suhasbhadravathi/tesseract-android-tools,0,0,body
https://api.github.com/repos/vishal901/android-protips-location,0,0,body
https://api.github.com/repos/GOQUAL-dev/android_bug_db,0,0,title
https://api.github.com/repos/cleardo/android-test-kit,0,0,body
https://api.github.com/repos/AliERIS/degisenbutonlar,0,0,body
https://api.github.com/repos/dheerajbhaskar/ytd-android,0,0,body
https://api.github.com/repos/josh-taylor/Tawch,0,0,body
https://api.github.com/repos/Shalzz/college-academics,0,0,body
https://api.github.com/repos/flyfrog5566/android-serialport-api,0,0,title
https://api.github.com/repos/tmorcinek/android-code-generator-plugin,0,0,body
https://api.github.com/repos/slef/android-quill,0,0,body
https://api.github.com/repos/cogbee/backport-android-bluetooth,0,0,body
https://api.github.com/repos/SCys/android-serialport-api,0,0,title
https://api.github.com/repos/RockySteveJobs/android-application-plug-ins-frame-work,0,0,body
https://api.github.com/repos/alenz316/androidsvg,0,0,body
https://api.github.com/repos/ZackYovel/android-protips-location,0,0,body
https://api.github.com/repos/wq1173448129/android-serialport-api,0,0,title
https://api.github.com/repos/KnightBubble/android-notes,0,0,body
https://api.github.com/repos/oSoc14/mv_geomarketing_android,0,0,body
https://api.github.com/repos/erikbroo/opensudoku-android,0,0,body
https://api.github.com/repos/aprijal-psrb/android-color-picker,0,0,body
https://api.github.com/repos/chinnytp/backport-android-bluetooth,0,0,body
https://api.github.com/repos/joislo/apps-for-android,0,0,body
https://api.github.com/repos/kenglxn/SudokuSolver,0,0,body
https://api.github.com/repos/Sewix/hello-android,0,0,title
https://api.github.com/repos/superli007/android-serialport-api,0,0,title
https://api.github.com/repos/asolfre/androidsvg,0,0,body
https://api.github.com/repos/asolfre/android-apktool,0,0,body
https://api.github.com/repos/verstarr/tesseract-android-tools,0,0,body
https://api.github.com/repos/cxnvcarol/ecoline_app,0,0,body
https://api.github.com/repos/pkstar/voicemail-example-for-android,0,0,body
https://api.github.com/repos/ledroid/chat-java,0,0,body
https://api.github.com/repos/ajaybarvey/call-recorder-for-android,0,0,body
https://api.github.com/repos/musigi/android-wheel,0,0,title
https://api.github.com/repos/moonandroid/androidstudio,0,0,body
https://api.github.com/repos/mpodjon/android-color-picker,0,0,body
https://api.github.com/repos/ChapmanCPSC370/MANUsync,0,0,body
https://api.github.com/repos/redesh/android-wheel,0,0,title
https://api.github.com/repos/zakaib/android-spl-meter,0,0,title
https://api.github.com/repos/jyoungrok/ShareCam_Android,0,0,body
https://api.github.com/repos/post2akb/solitaire-for-android,0,0,body
https://api.github.com/repos/zelic91/javamail-android,0,0,body
https://api.github.com/repos/Chess432/FlightBook,0,0,title
https://api.github.com/repos/sfcoding-school/PartyManager,0,0,body
https://api.github.com/repos/M1cha/androidsvg,0,0,body
https://api.github.com/repos/SScattered/ipcamera-for-android,0,0,body
https://api.github.com/repos/erjan/it-ebooks.info,0,0,body
https://api.github.com/repos/genSud/AdoBot,0,0,body
https://api.github.com/repos/Taoli96/android-wheel,0,0,title
https://api.github.com/repos/v1i2n3/android-wheel,0,0,title
https://api.github.com/repos/AmorfusUA/android-mileage,0,0,body
https://api.github.com/repos/li3ro/apps-for-android,0,0,body
https://api.github.com/repos/LcxAndroidwawa/android-wheel,0,0,title
https://api.github.com/repos/mashirui521/RobotVision,0,0,body
https://api.github.com/repos/kowlown/androidsvg,0,0,body
https://api.github.com/repos/LoganCSC/MapLand,0,0,body
https://api.github.com/repos/ChristianAguilar614/SunshineAndroidApp,0,0,body
https://api.github.com/repos/venkateshshukla/subsurface-android-downloader,0,0,body
https://api.github.com/repos/goldenXcode/connecting-dots-for-android,0,0,body
https://api.github.com/repos/wanmei-ea/EASDK-Android,0,0,body
https://api.github.com/repos/manikantupadhyay/tesseract-android-tools,0,0,body
https://api.github.com/repos/eddie-thp/codepath-w1-flicks,0,0,body
https://api.github.com/repos/iKrelve/beginning-android-games,0,0,title
https://api.github.com/repos/xcarlx/ksoap2-android,0,0,body
https://api.github.com/repos/robocubs4205/cubscout-android,0,0,title
https://api.github.com/repos/dfried2007/TweeterPhile,0,0,body
https://api.github.com/repos/smacgregor/NewYorkTimesSearch,0,0,body
https://api.github.com/repos/kentccs/call-recorder-for-android,0,0,body
https://api.github.com/repos/asolfre/android-json-rpc,0,0,body
https://api.github.com/repos/jfinkhaeuser/android-dependencymanager,0,0,title
https://api.github.com/repos/husni75/android-wheel,0,0,title
https://api.github.com/repos/brou1993/apps-for-android,0,0,body
https://api.github.com/repos/xiaozhao0331/android-wheel,0,0,title
https://api.github.com/repos/shareme/GWSJacocoEspresso,0,0,body
https://api.github.com/repos/openube/dex2jar,0,0,body
